feature,importance
last_login_days,19.826146787625582
watch_hours,18.52302335633454
avg_watch_time_per_day,16.336624176339626
number_of_profiles,15.566555296951964
payment_method,15.122370844963633
subscription_type,13.595419655365419
age,0.4286463465632443
favorite_genre,0.19515980728314836
region,0.18660326658009435
gender,0.13901462679410714
device,0.08043583519866525
